song_id,entry_date,exit_date,total_days,peak_position,peak_date,time_to_peak
0 confianza_rvfv,2025-06-02,2025-06-23,22,23,2025-06-07,5
"1 de enero, puntacana_rels b",2025-04-28,2025-04-28,1,45,2025-04-28,0
1000cosas_lola indigo & manuel turizo,2025-03-10,2025-11-13,249,3,2025-03-10,0
100xciento_foreign teck & eladio carrion & de la ghetto,2025-04-30,2025-05-15,16,13,2025-05-11,11
14 febreros_quevedo,2025-11-24,2025-11-27,4,9,2025-11-24,0
2am_sebastian yatra & bad gyal,2025-11-24,2025-11-27,4,31,2025-11-27,3
2xll_jc reyes & yovngchimi & slayter,2025-07-12,2025-08-09,29,35,2025-07-23,11
3 caídas_saiko,2025-04-28,2025-05-05,8,13,2025-04-28,0
4 prez_cruz cafuné,2024-05-28,2024-05-29,2,35,2024-05-28,0
4to 23_aitana,2025-07-07,2025-07-16,10,17,2025-07-07,0
50 palos_feid,2024-12-02,2024-12-02,1,38,2024-12-02,0
57_karol g & feid & dfzm,2025-11-10,2025-11-27,18,8,2025-11-10,0
58_jhayco,2025-09-08,2025-09-18,11,35,2025-09-08,0
69_nicky jam & feid,2024-05-21,2024-06-30,41,22,2024-05-31,10
a 300_jc reyes & pedro calderon,2024-08-06,2025-01-05,153,15,2025-01-05,152
a 300_jc reyes & pedro calderon & blacknife,2025-01-06,2025-04-24,109,11,2025-01-14,8
a new star (2 0 2 4)_rels b,2025-05-09,2025-05-30,22,32,2025-05-16,7
acho pr_bad bunny,2024-10-14,2024-10-20,7,15,2024-10-14,0
acróstico_shakira,2024-05-18,2024-07-09,53,1,2024-05-19,1
adivino_myke towers,2025-08-24,2025-11-16,85,10,2025-08-24,0
adivino_myke towers & bad bunny,2025-04-28,2025-08-23,118,1,2025-04-28,0
akureyri_aitana & sebastian yatra,2025-04-28,2025-06-01,35,10,2025-04-28,0
alakran_feid,2024-12-02,2024-12-05,4,24,2024-12-02,0
alegría_tiago pzk,2025-09-28,2025-10-05,8,8,2025-10-02,4
all i want for christmas is you_mariah carey,2024-12-03,2025-01-02,31,1,2024-12-25,22
alucin_eugenio esquivel & grupo marca registrada & sebastian esquivel,2025-01-13,2025-04-05,83,21,2025-03-22,68
amanece_anuel aa & haze,2024-05-25,2025-07-06,408,47,2024-06-23,29
amaneció_quevedo,2025-11-24,2025-11-27,4,13,2025-11-24,0
amar de nuevo_rauw alejandro,2025-11-17,2025-11-17,1,45,2025-11-17,0
amargura_karol g,2024-05-26,2025-10-31,524,16,2025-07-26,426
andando_morad,2024-05-18,2024-06-03,17,34,2024-05-19,1
antes_rvfv & edu garcía,2024-05-18,2024-07-22,66,29,2024-05-18,0
antidepresivos_saiko,2024-08-06,2024-12-19,136,13,2024-08-06,0
apaga el cel_floyymenor,2025-08-10,2025-09-04,26,22,2025-08-10,0
apaga el cel_floyymenor & lewis somes,2025-05-26,2025-08-09,76,7,2025-06-12,17
apt._rosé & bruno mars,2025-10-23,2025-11-01,10,42,2025-10-30,7
aqyne_aitana,2024-09-27,2024-09-29,3,40,2024-09-28,1
arena y sal_omar montes & saiko & tunvao,2024-05-21,2025-01-20,245,3,2024-08-06,77
arranca (feat. omega)_becky g & omega,2024-05-18,2024-07-25,69,38,2024-05-18,0
asi es la vida_enrique iglesias & maria becerra,2024-11-22,2025-03-23,122,38,2025-01-31,70
attitude (feat. charlie wilson & cash cobain)_don toliver,2025-06-21,2025-06-21,1,46,2025-06-21,0
aunque llegue otro (feat. jay wheeler)_myke towers,2025-08-24,2025-08-24,1,23,2025-08-24,0
ayer y hoy_mora,2024-08-30,2024-08-31,2,23,2024-08-30,0
ayer_dellafuente,2025-06-16,2025-06-18,3,37,2025-06-16,0
baby hello_rauw alejandro,2024-07-09,2025-04-19,285,3,2024-07-09,0
baby hello_rauw alejandro & bizarrap,2024-06-25,2024-07-08,14,2,2024-06-28,3
baby nueva_bad bunny,2024-10-14,2024-10-28,15,12,2024-10-14,0
bad boy_chris jedi & gaby music & dei v,2025-02-11,2025-03-10,28,16,2025-02-11,0
badgyal_saiko,2025-04-28,2025-11-23,210,1,2025-05-01,3
bailando bachata_chayanne,2025-05-13,2025-06-02,21,45,2025-06-01,19
baja pa' acá_rauw alejandro,2025-11-17,2025-11-20,4,22,2025-11-17,0
bandidona_saiko,2024-10-29,2024-11-10,13,20,2024-10-29,0
bandit_don toliver,2025-06-21,2025-06-21,1,27,2025-06-21,0
barro_duki,2025-10-20,2025-10-20,1,40,2025-10-20,0
baticano_bad bunny,2024-10-14,2024-10-18,5,23,2024-10-14,0
bby boo - remix_izaak & jhayco & anuel aa,2025-03-30,2025-07-23,116,5,2025-04-18,19
beautiful things_benson boone,2025-03-13,2025-06-23,103,17,2025-04-04,22
bendecido_eladio carrion,2025-01-21,2025-01-26,6,7,2025-01-21,0
"besame (feat. tiago pzk, khea & neo pistea) - remix_bhavi & seven kayne & milo j",2025-04-24,2025-05-06,13,28,2025-04-26,2
besitos bb 2.0_el perla & omar montes & saiko,2025-10-16,2025-10-31,16,9,2025-10-16,0
beso prohibido_beny jr,2025-09-07,2025-09-07,1,49,2025-09-07,0
beso_rosalía & rauw alejandro,2024-05-18,2024-10-06,142,4,2024-05-18,0
besos (with kidd keo & neelo)_swaggglock & kidd keo & neelo,2024-09-14,2024-10-13,30,22,2024-09-19,5
birds of a feather_billie eilish,2025-06-12,2025-06-13,2,49,2025-06-12,0
boreal_saiko,2025-04-28,2025-05-01,4,22,2025-04-28,0
brindis_duki,2025-11-03,2025-11-07,5,30,2025-11-03,0
bubalu_feid,2024-09-30,2024-10-06,7,26,2024-09-30,0
bubalu_feid & rema,2024-09-24,2024-09-29,6,21,2024-09-25,1
buenas noches_quevedo,2025-11-24,2025-11-27,4,18,2025-11-24,0
buenas_quevedo & saiko,2024-09-24,2025-03-12,170,1,2024-09-24,0
buscando money_twenty six & tayson kryss,2025-02-02,2025-04-17,75,4,2025-02-15,13
buscarte lejos_duki,2025-11-03,2025-11-09,7,28,2025-11-06,3
caché_myke towers,2025-08-24,2025-08-24,1,47,2025-08-24,0
cafe malibú_sech & mora & saiko,2024-07-23,2024-09-19,59,9,2024-07-25,2
call me maybe_duki,2024-12-10,2024-12-10,1,50,2024-12-10,0
cangrinaje_cruz cafuné,2024-05-28,2024-05-28,1,48,2024-05-28,0
capri sun_b10 & kilvertz,2025-07-31,2025-08-14,15,34,2025-08-05,5
carita triste_ana mena & emilia,2025-09-01,2025-11-23,84,9,2025-09-07,6
cartera & tacos_myke towers,2024-11-25,2024-11-25,1,47,2024-11-25,0
casanova_soolking & lola indigo & rvfv,2024-12-10,2025-05-29,171,1,2025-01-01,22
caserio_yandel & saiko,2025-03-10,2025-03-10,1,41,2025-03-10,0
caída del cielo <3_rels b,2025-04-28,2025-05-01,4,38,2025-04-28,0
celine (with kidd keo)_ghost killer track & kidd keo,2025-10-03,2025-11-27,56,9,2025-10-18,15
cha cha cha_käärijä,2024-05-18,2024-05-20,3,37,2024-05-18,0
chapiadora.com_quevedo,2025-11-24,2025-11-27,4,8,2025-11-24,0
chihiro_billie eilish,2025-05-19,2025-05-25,7,39,2025-05-19,0
chorrito pa las animas_feid,2024-05-18,2024-06-14,28,32,2024-05-18,0
chula_jc reyes,2024-12-28,2025-01-20,24,49,2025-01-17,20
chulo pt.2_bad gyal & tokischa & young miko,2024-06-24,2024-10-13,112,22,2024-06-28,4
cine 🚬_duki,2025-11-03,2025-11-03,1,42,2025-11-03,0
classy 101_feid,2024-12-02,2025-01-17,47,16,2024-12-02,0
classy 101_feid & young miko,2024-05-18,2024-12-01,198,7,2024-05-18,0
clavaito_chanel & abraham mateo,2024-05-18,2025-01-04,232,6,2024-06-02,15
coco chanel_eladio carrion,2024-05-18,2024-09-29,135,16,2024-05-24,6
coco loco_maluma,2024-07-01,2024-11-26,149,9,2024-08-06,36
cohete_shakira,2025-03-24,2025-03-30,7,21,2025-03-24,0
colmillo_tainy,2024-10-19,2024-11-14,27,18,2024-11-10,22
columbia_quevedo,2024-07-08,2025-11-02,483,1,2024-07-09,1
cometa halley_saiko,2025-04-28,2025-05-05,8,24,2025-04-28,0
committed_rauw alejandro,2025-11-17,2025-11-17,1,29,2025-11-17,0
como camarón_estopa,2024-11-29,2025-02-21,85,32,2025-01-03,35
como suenan las estrellas_saiko,2025-04-28,2025-05-19,22,24,2025-04-30,2
competencia_myke towers,2025-08-24,2025-08-25,2,19,2025-08-24,0
comuna 3_jc reyes & the rude boyz,2025-05-16,2025-05-17,2,38,2025-05-17,1
comuna 3_jc reyes & the rudeboyz,2025-05-18,2025-09-17,123,12,2025-06-05,18
conexión_cano,2025-10-27,2025-11-14,19,27,2025-10-27,0
conexión_cano & jc reyes,2025-10-25,2025-10-26,2,40,2025-10-26,1
constelación_duki,2025-11-03,2025-11-10,8,26,2025-11-03,0
constelación_duki & lia kali,2025-11-01,2025-11-02,2,29,2025-11-01,0
contigo (with tiësto)_karol g & tiësto,2025-02-17,2025-03-24,36,13,2025-02-18,1
copa vacía_shakira & manuel turizo,2024-07-02,2024-07-28,27,16,2024-07-02,0
corazón roto - remix_brray & jhayco & ryan castro,2024-08-10,2024-09-13,35,26,2024-09-09,30
corazón roto pt. 3_brray & anuel aa & chencho corleone,2024-09-13,2025-02-04,145,21,2024-09-27,14
corazón vacío_maria becerra,2024-07-05,2024-10-13,101,19,2024-07-19,14
corleone_saiko,2024-12-24,2025-01-15,23,21,2024-12-24,0
corleone_saiko & yandel,2024-12-17,2024-12-23,7,16,2024-12-21,4
cosa nuestra_rauw alejandro,2025-11-17,2025-11-18,2,16,2025-11-17,0
cosas pendientes_maluma,2025-11-24,2025-11-27,4,37,2025-11-27,3
cosas que no te dije_saiko,2024-08-16,2025-04-27,255,7,2024-12-12,118
cosmeticos_myke towers,2024-11-25,2024-11-29,5,33,2024-11-25,0
cruel summer_taylor swift,2025-06-01,2025-06-01,1,39,2025-06-01,0
crush_sky rompiendo & dei v,2025-04-07,2025-08-23,139,15,2025-04-27,20
cuando te vi | crossover #5_big one & maria becerra & trueno,2025-07-05,2025-10-28,116,11,2025-08-14,40
cupido_engel montaz & kuv507 & latinnites music,2025-04-18,2025-06-05,49,22,2025-04-23,5
cupido_tini,2024-05-18,2024-09-12,118,17,2024-05-19,1
cybertruck_bad bunny,2024-10-14,2024-10-21,8,8,2024-10-14,0
cómo te atreves_morat,2025-03-02,2025-03-02,1,45,2025-03-02,0
córcega_mora,2024-08-30,2024-09-02,4,17,2024-08-30,0
cúrame_rauw alejandro,2025-08-01,2025-08-16,16,41,2025-08-10,9
dararí_aitana,2024-09-24,2024-09-29,6,13,2024-09-24,0
de plastilina_lola indigo & pepe y vizio,2024-10-21,2024-10-22,2,40,2024-10-21,0
degenere 👑 (feat. benny blanco)_myke towers,2025-10-20,2025-11-27,39,1,2025-10-25,5
demo #5: nostalgia - spanglish version_flowgpt,2024-11-08,2024-11-09,2,12,2024-11-09,1
deportivo_blessd & anuel aa,2025-11-16,2025-11-23,8,35,2025-11-23,7
desataaa_ovy on the drums & myke towers & saiko,2025-03-17,2025-07-09,115,6,2025-03-21,4
despechá_rosalía,2024-05-22,2025-01-02,226,39,2024-06-12,21
después de la 1_cris mj & floyymenor,2025-09-19,2025-11-23,66,11,2025-09-27,8
desquite_feid,2024-12-02,2024-12-02,1,39,2024-12-02,0
detrás del dj_rels b,2025-04-28,2025-04-28,1,39,2025-04-28,0
diabla_los diozes,2025-10-27,2025-11-20,25,17,2025-11-03,7
diablita (feat. yovngchimi)_myke towers,2025-08-24,2025-09-04,12,34,2025-08-24,0
diabólica_cris mj,2025-03-13,2025-08-19,160,14,2025-03-23,10
diamonds_mora,2024-08-30,2024-09-02,4,18,2024-08-30,0
dicelo_lianet rivero & lia & gatillo,2024-10-20,2024-10-23,4,24,2024-10-21,1
die with a smile_lady gaga & bruno mars,2025-08-31,2025-11-23,85,29,2025-11-15,76
diluvio_rauw alejandro,2024-10-21,2025-10-14,359,3,2024-11-16,26
dinero y fama (feat. omar montes)_myke towers,2025-08-24,2025-08-24,1,40,2025-08-24,0
dios #1_cruz cafuné,2024-05-28,2024-05-28,1,43,2024-05-28,0
do it 4 th€ gram_cruz cafuné,2025-07-21,2025-07-21,1,34,2025-07-21,0
doblexxó_j balvin,2025-08-10,2025-08-23,14,33,2025-08-10,0
don't lie_duki,2024-06-25,2024-06-29,5,44,2024-06-28,3
donde se aprende a querer?_mora,2024-08-30,2025-02-17,172,3,2024-08-30,0
dubai_trueno & beny jr,2024-06-15,2024-06-22,8,47,2024-06-17,2
duro de verdad pt.2_los sufridos,2025-09-20,2025-09-20,1,39,2025-09-20,0
duro de verdad pt.2_los sufridos & bad gyal,2025-09-21,2025-11-27,68,1,2025-09-27,6
duro_quevedo,2025-11-02,2025-11-27,26,1,2025-11-02,0
déjame entrar_rauw alejandro,2025-07-25,2025-11-23,122,17,2025-11-17,115
el chacal_mora,2024-08-30,2024-09-02,4,10,2024-08-30,0
el cielo_sky rompiendo & feid & myke towers,2024-06-04,2025-03-09,279,2,2024-06-10,6
el condenao_lola indigo,2024-12-17,2025-01-04,19,35,2024-12-22,5
el conjuntito_el bobe & omar montes,2025-03-24,2025-09-23,184,1,2025-04-09,16
el destello_juanjo bona & martin urrutia,2025-10-06,2025-10-06,1,36,2025-10-06,0
el estribillo_quevedo,2025-11-24,2025-11-27,4,16,2025-11-24,0
el fin del mundo_la la love you,2025-06-03,2025-11-23,174,37,2025-08-25,83
el jefe_shakira & fuerza regida,2024-09-24,2024-10-03,10,31,2024-09-27,3
el malo_eladio carrion,2025-01-21,2025-02-17,28,20,2025-01-25,4
el mambo_kiko rivera,2024-10-04,2025-03-01,149,2,2024-10-13,9
el merengue_marshmello,2024-11-04,2025-11-18,380,19,2024-11-05,1
el merengue_marshmello & manuel turizo,2024-05-18,2024-11-03,170,5,2024-05-18,0
el pantalon - rumbas_omar montes,2025-06-02,2025-09-12,103,2,2025-06-16,14
el patio_pepe y vizio & delaossa & kiddo,2025-02-22,2025-08-27,187,8,2025-03-07,13
el tonto_lola indigo,2024-05-18,2025-01-10,238,2,2024-05-18,0
ella baila sola_eslabon armado,2024-05-18,2024-08-09,84,9,2024-06-03,16
empelotica_lenny tavárez & feid,2025-02-25,2025-04-06,41,16,2025-03-03,6
emrata_myke towers,2024-11-25,2024-11-25,1,46,2024-11-25,0
en to lao_haze & jhayco,2024-06-15,2024-07-01,17,45,2024-07-01,16
enamórate_nicki nicole & bad gyal,2024-11-16,2024-12-01,16,31,2024-11-18,2
eroticaaaaaaa_gonzy,2025-10-13,2025-10-31,19,38,2025-10-25,12
es un secreto_plan b,2025-06-22,2025-07-04,13,37,2025-06-30,8
escriurem_chiara oliver & martin urrutia,2025-01-25,2025-01-25,1,47,2025-01-25,0
eskeleto_saiko,2025-04-28,2025-10-23,179,11,2025-05-02,4
espectacular_sky rompiendo & rauw alejandro,2025-04-25,2025-04-27,3,49,2025-04-25,0
espresso martini_rauw alejandro,2025-11-17,2025-11-21,5,21,2025-11-17,0
espresso_sabrina carpenter,2025-06-09,2025-07-03,25,39,2025-06-28,19
europapa_joost,2025-05-14,2025-05-18,5,33,2025-05-15,1
eva longoria_ozuna,2024-08-12,2024-11-24,105,8,2024-08-29,17
extasisssssss_saiko,2024-12-20,2025-01-31,43,18,2024-12-22,2
falsos recuerdos_abraham mateo & omar montes,2025-02-01,2025-02-25,25,32,2025-02-08,7
fantasías_mora,2024-08-30,2024-09-04,6,9,2024-08-30,0
fardos_jc reyes & de la ghetto,2025-02-18,2025-07-30,163,1,2025-02-22,4
fecha - intro extended_renzo pianciola,2025-04-19,2025-04-20,2,46,2025-04-20,1
fecha_feid & yandel,2025-04-14,2025-04-18,5,39,2025-04-17,3
feliz navidad_josé feliciano,2024-12-25,2024-12-27,3,5,2024-12-25,0
feliz navidad_saiko,2024-12-19,2024-12-20,2,36,2024-12-19,0
ferxxo 151_feid,2024-09-30,2024-11-06,38,17,2024-09-30,0
ferxxo 151_feid & icon,2024-08-26,2024-09-29,35,9,2024-08-26,0
ferxxo 30_feid,2024-10-07,2024-10-13,7,32,2024-10-07,0
ferxxo edition_feid,2024-09-30,2024-10-01,2,43,2024-09-30,0
figo_dellafuente & morad,2024-12-02,2024-12-02,1,44,2024-12-02,0
fina_bad bunny,2024-10-14,2024-11-18,36,4,2024-10-14,0
finales de agosto_saiko,2025-04-28,2025-04-29,2,40,2025-04-28,0
flow violento - remix_yosoyplex & ruven,2024-05-30,2024-06-20,22,46,2024-06-06,7
flowers_miley cyrus,2024-05-18,2024-06-06,20,44,2024-05-19,1
"flowhot (feat. arcángel, de la ghetto, randy)_the academy: segunda misión & sech & dalex",2025-03-31,2025-03-31,1,32,2025-03-31,0
fortnight (feat. post malone)_taylor swift,2025-04-21,2025-04-30,10,24,2025-04-24,3
fosforito_dellafuente,2025-06-16,2025-06-16,1,46,2025-06-16,0
friki_gonzy,2025-05-10,2025-11-26,201,8,2025-06-26,47
fruto_bizarrap & milo j,2024-10-07,2024-11-11,36,12,2024-10-12,5
frío_myke towers,2025-08-24,2025-08-24,1,36,2025-08-24,0
"fé, cojones y paciencia_eladio carrion",2025-01-21,2025-01-21,1,38,2025-01-21,0
g-wa_zheus,2025-11-21,2025-11-27,7,39,2025-11-23,2
gangster (pqfnedg)_ovy on the drums & quevedo & yandel,2024-10-21,2024-11-01,12,15,2024-10-21,0
gangsters y pistolas_feid,2024-09-30,2024-10-01,2,25,2024-09-30,0
gata only (mashup)_dj agus lima,2025-05-09,2025-05-10,2,5,2025-05-09,0
gata only_floyymenor,2025-08-10,2025-10-14,66,15,2025-08-10,0
gata only_floyymenor & cris mj,2025-02-24,2025-08-09,167,2,2025-04-06,41
gatita gangster_karol g,2024-09-13,2024-11-24,73,30,2024-10-12,29
gatitas sandungueras vol.1_alvaro diaz,2025-05-19,2025-07-03,46,12,2025-06-12,24
gitana (feat. bryartz)_pablo chill-e,2025-05-03,2025-06-17,46,15,2025-05-17,14
goteras_omar montes & jc reyes,2025-06-30,2025-11-23,147,1,2025-07-08,8
gracias por nada_bad bunny,2024-10-14,2024-10-20,7,11,2024-10-14,0
gran día_mau y ricky & guaynaa,2025-05-16,2025-06-01,17,17,2025-05-31,15
gran vía_quevedo,2025-11-24,2025-11-27,4,1,2025-11-24,0
guay_ozuna & bad gyal,2025-04-21,2025-07-20,91,7,2025-04-27,6
hablame claro_yandel,2025-10-13,2025-10-13,1,47,2025-10-13,0
hablame claro_yandel & feid,2025-09-16,2025-10-12,27,5,2025-09-25,9
hala madrid ...y nada más_real madrid,2025-06-03,2025-06-03,1,43,2025-06-03,0
halo_quevedo,2025-11-24,2025-11-27,4,7,2025-11-24,0
hardaway_duki,2025-11-03,2025-11-03,1,35,2025-11-03,0
hasta olvidarte_mau y ricky,2025-06-03,2025-06-08,6,23,2025-06-04,1
hay lupita_lomiiel,2025-07-12,2025-10-29,110,2,2025-08-04,23
hay lupita_megan koffe,2025-06-28,2025-07-10,13,30,2025-07-08,10
haz lo que quieras conmigo_walls,2025-09-22,2025-10-19,28,33,2025-09-22,0
headshot_anuel aa,2025-09-22,2025-09-22,1,29,2025-09-22,0
heavy is the crown_linkin park,2025-09-27,2025-09-27,1,49,2025-09-27,0
heavyweight_eladio carrion,2025-05-04,2025-05-04,1,49,2025-05-04,0
hermosa casualidad_sen senra & aitana,2025-06-02,2025-06-09,8,39,2025-06-06,4
hey bb_saiko,2025-04-28,2025-05-02,5,26,2025-04-28,0
hey lil mama_eladio carrion,2025-01-21,2025-04-13,83,8,2025-01-25,4
hey mor_ozuna,2024-05-18,2024-09-12,118,30,2024-05-18,0
hibiki_bad bunny,2024-10-14,2024-12-01,49,2,2024-10-14,0
historias por contar_operación triunfo 2023,2025-02-22,2025-02-24,3,28,2025-02-22,0
holanda_jhayco,2024-08-04,2025-03-12,221,3,2024-08-16,12
holly jolly christmas_michael bublé,2024-12-25,2024-12-27,3,24,2024-12-25,0
houdini_dua lipa,2024-11-11,2024-11-17,7,23,2024-11-11,0
hoy_valentino merlo & the la planta,2025-09-29,2025-10-04,6,13,2025-10-02,3
i can do it with a broken heart_taylor swift,2025-04-23,2025-04-23,1,50,2025-04-23,0
i like the way you kiss me_artemas,2025-04-04,2025-05-02,29,19,2025-04-18,14
ia_clarent,2025-10-20,2025-11-12,24,1,2025-11-09,20
ia_clarent & mora,2025-11-13,2025-11-27,15,1,2025-11-13,0
iguales_quevedo,2025-11-24,2025-11-27,4,3,2025-11-24,0
il capo_rauw alejandro,2025-11-17,2025-11-17,1,38,2025-11-17,0
imagínate_danny ocean & kapo,2025-11-15,2025-11-27,13,15,2025-11-23,8
imperio_duki,2025-11-03,2025-11-23,21,15,2025-11-09,6
it's beginning to look a lot like christmas_michael bublé,2024-12-25,2024-12-27,3,16,2024-12-25,0
it's the most wonderful time of the year_andy williams,2024-12-25,2024-12-27,3,12,2024-12-25,0
"japoni (feat. camin, moncho chavea, jthyago & samueliyo baby)_oscar el ruso & samuel g & omar montes",2025-01-18,2025-06-17,151,26,2025-02-25,38
jingle bell rock_bobby helms,2024-12-25,2024-12-27,3,10,2024-12-25,0
k-pop_travis scott & bad bunny & the weeknd,2024-07-23,2024-08-05,14,21,2024-07-23,0
kassandra_quevedo,2025-11-24,2025-11-27,4,2,2025-11-24,0
khé?_rauw alejandro,2025-11-17,2025-11-27,11,8,2025-11-23,6
ktm_jhayco & bryant myers & luar la l,2025-03-24,2025-03-28,5,16,2025-03-24,0
la 125_quevedo,2025-11-24,2025-11-27,4,10,2025-11-24,0
la baby_brytiago,2024-11-03,2024-12-02,30,3,2024-11-30,27
la baby_tainy,2024-07-02,2024-07-12,11,25,2024-07-02,0
la bachata_manuel turizo,2024-05-18,2025-11-19,551,11,2025-01-01,228
la bebe - remix_yng lvcas & peso pluma,2024-05-18,2024-08-29,104,10,2024-06-01,14
la canción feliz del disco_eladio carrion,2025-01-21,2025-01-24,4,13,2025-01-21,0
la capi_myke towers,2024-12-14,2025-09-25,286,13,2025-01-22,39
la falda_myke towers,2024-11-25,2025-11-23,364,1,2025-02-18,85
la fiesta_pedro capó,2024-05-18,2024-06-27,41,30,2024-05-20,2
la gata bajo la lluvia_naiara,2025-01-25,2025-01-25,1,46,2025-01-25,0
la inocente_mora,2024-05-30,2024-08-11,74,45,2024-06-21,22
la jumpa_arcángel,2024-05-18,2024-06-23,37,36,2024-05-29,11
la marina sta morena_figa flawas,2025-08-07,2025-10-15,70,19,2025-09-04,28
la nena_lyanno & rauw alejandro,2025-04-21,2025-05-25,35,25,2025-04-27,6
la noia_angelina mango,2025-05-14,2025-05-14,1,47,2025-05-14,0
la ranger (feat. myke towers)_the academy: segunda misión & justin quiles & lenny tavárez,2025-03-31,2025-07-16,108,3,2025-04-11,11
la raíz d€l mal_cruz cafuné,2025-07-21,2025-07-26,6,42,2025-07-21,0
la reina_lola indigo,2025-06-16,2025-11-26,164,4,2025-06-20,4
la rijana_saiko,2025-04-28,2025-04-29,2,41,2025-04-28,0
la rizos [dime si le comento a la pura]_las 2k & chardo chardemio & melody records international,2025-08-25,2025-11-06,74,22,2025-09-15,21
la roja baila - himno oficial de la selección española_sergio ramos & niña pastori & redone,2025-07-15,2025-07-16,2,9,2025-07-15,0
la sevillana - sevillanas_omar montes,2025-05-05,2025-07-03,60,8,2025-05-05,0
la sevillana_omar montes,2025-04-14,2025-05-04,21,3,2025-04-20,6
la torre picasso_arde bogotá,2025-09-15,2025-09-15,1,46,2025-09-15,0
la vida sin ti_rels b,2025-04-28,2025-06-29,63,8,2025-05-02,4
la vida sin ti_rels b & lia kali,2025-04-25,2025-04-27,3,15,2025-04-25,0
la vuelta_feid,2024-12-02,2024-12-02,1,48,2024-12-02,0
la última_quevedo,2025-02-03,2025-03-23,49,1,2025-02-03,0
la_original.mp3_emilia,2024-11-04,2025-06-03,212,10,2025-03-08,124
lady madrizzz_céro,2024-11-03,2025-03-02,120,8,2024-11-16,13
laguna_mora,2024-08-30,2024-09-02,4,11,2024-08-30,0
lala_myke towers,2024-06-29,2025-09-24,453,1,2024-07-05,6
las babys_aitana,2024-06-09,2024-08-29,82,4,2024-06-11,2
las bratz (remix)_aissa & jc reyes & saiko,2024-05-18,2024-05-27,10,44,2024-05-20,2
last christmas - single version_wham!,2024-12-23,2024-12-27,5,4,2024-12-25,2
latte (feat. maria becerra)_the academy: segunda misión & sech & dalex,2025-03-31,2025-03-31,1,43,2025-03-31,0
let it snow! let it snow! let it snow! (with the b. swanson quartet)_frank sinatra,2024-12-25,2024-12-25,1,33,2024-12-25,0
let it snow! let it snow! let it snow!_dean martin,2024-12-25,2024-12-27,3,15,2024-12-25,0
like i can (feat. aitana)_sam smith & aitana,2025-08-10,2025-08-10,1,42,2025-08-10,0
lo que no ves de mí_juanjo bona,2025-04-18,2025-04-18,1,38,2025-04-18,0
lo que tiene_morad & beny jr & rvfv,2025-03-10,2025-11-23,259,5,2025-03-13,3
lokita_mora,2024-08-30,2024-09-02,4,13,2024-08-30,0
lollipop_darell,2024-10-02,2025-01-17,108,1,2024-10-21,19
los del espacio_lit killah,2024-06-04,2025-02-16,258,2,2024-06-09,5
los días contados_quevedo,2025-11-24,2025-11-27,4,4,2025-11-24,0
los pits_bad bunny,2024-10-14,2024-10-20,7,20,2024-10-14,0
los ángeles_aitana,2024-05-18,2024-08-05,80,20,2024-05-18,0
luces de tecno_feid,2024-09-30,2025-02-03,127,7,2024-09-30,0
luchas mentales_eladio carrion,2025-01-21,2025-01-21,1,43,2025-01-21,0
luna llena_beny jr,2025-07-31,2025-11-27,120,4,2025-10-14,75
luna_feid,2024-12-02,2025-11-27,361,2,2025-01-11,40
luna_saiko,2025-04-28,2025-05-09,12,9,2025-04-28,0
lunch_billie eilish,2025-05-19,2025-05-30,12,20,2025-05-25,6
m.a.i_milo j,2025-01-17,2025-04-30,104,4,2025-01-31,14
ma meilleure ennemie (from the series arcane league of legends)_stromae & pomme & arcane,2025-11-27,2025-11-27,1,38,2025-11-27,0
madrid city_ana mena,2024-09-30,2025-04-15,198,13,2025-01-03,95
mal de amores_natos y waor & israel b,2025-02-11,2025-02-17,7,29,2025-02-15,4
mala suerte_lola indigo & dellafuente,2024-09-03,2024-09-09,7,32,2024-09-06,3
malicia_dellafuente,2025-06-16,2025-06-21,6,29,2025-06-16,0
mama's boy_eladio carrion,2025-01-21,2025-01-21,1,34,2025-01-21,0
mamasota_manuel turizo & yandel,2025-03-15,2025-03-15,1,50,2025-03-15,0
mami chula_jhayco & quevedo,2024-05-18,2024-09-18,124,6,2024-05-18,0
mamichula - con nicki nicole_trueno,2025-02-18,2025-04-05,47,7,2025-03-04,14
manos rotas_dellafuente & morad,2024-11-18,2025-11-23,371,1,2024-11-29,11
maquillaje - remix_refracted arg,2025-04-21,2025-04-24,4,32,2025-04-21,0
maquillaje - remix_renn & myke towers & nio garcia,2025-07-10,2025-07-14,5,25,2025-07-14,4
maquillaje_renn & yexel,2025-03-21,2025-06-02,74,18,2025-04-08,18
marea_mora,2024-08-30,2024-08-31,2,24,2024-08-30,0
martini_dei v,2025-05-02,2025-11-23,206,7,2025-06-17,46
me has invitado a bailar_dani fernández,2025-09-04,2025-11-27,85,15,2025-10-31,57
media luna_mora,2024-08-30,2024-09-21,23,5,2024-08-30,0
mejor así_myke towers,2025-08-24,2025-08-24,1,37,2025-08-24,0
memorias_mora,2024-05-18,2024-05-27,10,39,2024-05-23,5
mencionar_eladio carrion,2025-01-21,2025-01-21,1,42,2025-01-21,0
mercedes carota_bad bunny,2024-10-14,2024-10-21,8,17,2024-10-14,0
mercho_lil cake & migrantes,2024-05-18,2024-08-29,104,21,2024-05-29,11
mi cuarto_tiago pzk & rels b,2025-10-27,2025-10-27,1,46,2025-10-27,0
mi droga_myke towers,2024-05-18,2024-05-20,3,46,2024-05-18,0
mi ex tenía razón_karol g,2024-08-13,2025-07-31,353,16,2024-08-13,0
mi lova_bad gyal & myke towers,2024-07-09,2024-08-18,41,14,2024-07-09,0
mi luz (ft. rels b)_rvfv,2024-10-23,2025-10-18,361,32,2025-10-11,353
mi nena remix_maikel delacalle & quevedo,2024-05-18,2024-06-10,24,26,2024-05-19,1
miamor_aitana,2024-09-24,2024-09-26,3,34,2024-09-24,0
miamor_aitana & rels b,2024-08-26,2024-09-23,29,4,2024-08-26,0
mientras me curo del cora_karol g,2025-07-24,2025-08-02,10,37,2025-07-28,4
mil mujeres_rauw alejandro,2025-11-17,2025-11-17,1,36,2025-11-17,0
"milo j: bzrp music sessions, vol. 57_bizarrap & milo j",2024-10-07,2025-02-10,127,1,2024-10-07,0
"milo j: bzrp music sessions, vol. 57_paul thin",2025-02-01,2025-02-02,2,39,2025-02-01,0
mirame_blessd & ovy on the drums,2025-07-15,2025-07-30,16,13,2025-07-19,4
mis tías_juanjo bona,2025-07-21,2025-07-23,3,44,2025-07-21,0
modelito_mora,2024-09-09,2025-06-17,282,4,2024-11-12,64
mojabi ghost_tainy,2024-07-02,2024-08-03,33,6,2024-07-02,0
monaco_bad bunny,2024-10-14,2025-01-12,91,1,2024-10-14,0
mr. moondial_quevedo,2025-11-24,2025-11-27,4,5,2025-11-25,1
mr. october_bad bunny,2024-10-14,2024-10-21,8,7,2024-10-14,0
my love_de la ghetto & quevedo,2024-06-04,2024-07-01,28,36,2024-06-15,11
m€ntiras_cruz cafuné,2025-07-21,2025-07-21,1,43,2025-07-21,0
nadie sabe_bad bunny,2024-10-14,2024-10-28,15,3,2024-10-14,0
nana del hilo rojo_saiko,2025-04-28,2025-05-02,5,16,2025-04-28,0
narcotics (with bryant myers)_dei v & bryant myers,2024-10-04,2025-06-11,251,15,2024-12-28,85
"natanael cano: bzrp music sessions, vol. 59_bizarrap & natanael cano",2025-04-06,2025-04-13,8,32,2025-04-07,1
new woman (feat. rosalía)_lisa & rosalía,2025-08-17,2025-08-30,14,15,2025-08-17,0
ni me conozco_rauw alejandro,2025-11-17,2025-11-22,6,26,2025-11-17,0
niña bonita_feid & sean paul,2024-05-18,2024-08-08,83,13,2024-05-19,1
no digas na_feid & yandel,2025-04-17,2025-04-20,4,48,2025-04-18,1
no estuviste en lo malo - remix_morad & beny jr & dellafuente,2024-10-07,2025-01-31,117,12,2024-10-07,0
no estuviste en lo malo_morad,2024-05-18,2024-06-23,37,46,2024-05-31,13
no has cambiado_baby rasta & noriel & hades66,2025-10-13,2025-11-27,46,11,2025-10-15,2
no me quiero casar_bad bunny,2024-10-14,2024-10-19,6,22,2024-10-14,0
no pienso llamar_soge culebra,2024-10-14,2025-03-02,140,7,2024-12-23,70
no pienso llamar_soge culebra & quevedo & garabatto,2024-10-07,2024-10-13,7,16,2024-10-07,0
no soy eterno_bizarrap & milo j,2024-10-07,2024-10-13,7,27,2024-10-10,3
no te quieren conmigo - remix_gaby music & anuel aa & luar la l,2025-04-07,2025-04-27,21,17,2025-04-07,0
no te quieren conmigo_gaby music & lunay & luar la l,2024-12-20,2025-04-10,112,4,2025-01-10,21
no_se_ve.mp3_emilia,2024-11-04,2025-02-09,98,32,2024-11-05,1
no_se_ve.mp3_emilia & ludmilla & zecca,2024-06-08,2024-11-03,149,13,2024-08-25,78
nochentera_vicco,2024-05-18,2025-01-09,237,9,2024-05-27,9
noemú_quevedo,2025-11-24,2025-11-27,4,15,2025-11-24,0
nueva era_duki,2025-11-03,2025-11-27,25,3,2025-11-08,5
número telefónico_saiko,2025-04-28,2025-05-09,12,14,2025-04-28,0
oa_anuel aa & quevedo & maluma,2024-10-16,2025-04-27,194,3,2024-11-11,26
obvio_myke towers,2024-11-25,2024-11-25,1,25,2024-11-25,0
offline_young miko,2025-04-07,2025-06-15,70,16,2025-04-09,2
ohnana_kapo,2025-07-04,2025-11-27,147,2,2025-08-01,28
omega (feat. ralphie choo)_rosalía,2025-09-27,2025-10-10,14,3,2025-09-27,0
orgullosa de papá_cano,2025-11-01,2025-11-23,23,45,2025-11-16,15
otra noche (feat. darell)_myke towers,2025-08-24,2025-11-16,85,11,2025-09-07,14
otra noche_myke towers & darell,2025-08-20,2025-08-23,4,36,2025-08-23,3
otra oportunidad_myke towers,2025-08-24,2025-08-24,1,25,2025-08-24,0
otro round_myke towers,2024-11-25,2024-11-25,1,50,2024-11-25,0
oye bb_omar montes & nicky jam,2024-11-11,2024-11-11,1,43,2024-11-11,0
pa' la vuelta_eladio carrion & morad,2024-08-06,2024-08-06,1,49,2024-08-06,0
pacto (feat. bryant myers & dei v) - remix_jay wheeler & anuel aa & hades66,2024-07-29,2024-10-06,70,20,2024-08-19,21
pacto (feat. luar la l)_jay wheeler,2024-06-01,2024-07-01,31,38,2024-06-22,21
pasajero_mora,2024-08-30,2024-10-13,45,4,2024-08-30,0
pasaporte_rauw alejandro,2025-11-17,2025-11-17,1,43,2025-11-17,0
pasaporte_rauw alejandro & mr. naisgai,2025-09-29,2025-09-29,1,49,2025-09-29,0
pasiempre_tainy,2024-07-02,2024-07-20,19,21,2024-07-05,3
passoa_jhayco,2025-09-08,2025-09-27,20,27,2025-09-08,0
passoa_jhayco & kapo,2025-08-17,2025-09-07,22,19,2025-08-26,9
paz_morad,2024-05-18,2024-05-20,3,44,2024-05-18,0
pedro_jaxomy & agatino romero & raffaella carrà,2025-04-14,2025-05-21,38,14,2025-04-21,7
peligrosa_floyymenor,2025-07-31,2025-11-27,120,3,2025-09-08,39
penas de antaño_bizarrap & milo j,2024-10-09,2024-10-12,4,44,2024-10-10,1
perdió este culo_bad gyal,2025-01-28,2025-02-24,28,18,2025-01-31,3
perreo lento_chris jedi & gaby music & dei v,2025-03-02,2025-03-29,28,28,2025-03-07,5
perro negro_bad bunny,2024-10-14,2025-05-31,230,2,2024-10-17,3
perros&gata$_nicki nicole & saiko,2025-07-04,2025-07-07,4,45,2025-07-04,0
"peso pluma: bzrp music sessions, vol. 55_bizarrap & peso pluma",2024-06-03,2024-07-01,29,2,2024-06-03,0
pide_mora,2024-08-30,2024-09-02,4,15,2024-08-30,0
piribiri_jc reyes & pedro calderon,2024-08-09,2024-09-29,52,37,2024-09-17,39
playa del inglés_quevedo,2024-05-18,2024-12-12,209,15,2024-05-18,0
please please please_sabrina carpenter,2025-06-12,2025-06-20,9,33,2025-06-18,6
polaris - remix_saiko,2025-04-28,2025-05-09,12,31,2025-04-29,1
polaris - remix_saiko & feid & quevedo,2024-06-11,2025-04-20,314,1,2024-06-11,0
polaris_saiko,2024-05-18,2024-06-11,25,22,2024-06-10,23
por atrás_quevedo,2025-11-24,2025-11-27,4,11,2025-11-24,0
potra salvaje - hard remix_isabel aaiún & fernando moreno,2025-05-29,2025-09-24,119,3,2025-06-18,20
potra salvaje_isabel aaiún,2025-07-07,2025-08-28,53,14,2025-07-18,11
privilegios_feid,2024-09-30,2024-10-01,2,46,2024-09-30,0
probemas mentales_jzaeb & eix,2025-03-07,2025-03-07,1,48,2025-03-07,0
problemas mentales_jzaeb & eix,2025-03-20,2025-03-22,3,22,2025-03-22,2
provenza_karol g,2025-07-25,2025-07-30,6,45,2025-07-26,1
"ptazeta: bzrp music sessions, vol. 45_paul thin & ruslana",2025-01-18,2025-01-19,2,42,2025-01-18,0
punto g_quevedo,2024-05-18,2025-01-13,241,23,2024-05-30,12
pólvora_mora,2024-08-30,2024-09-09,11,8,2024-08-30,0
q u e v a s h a c e r h o y ?_omar courtz,2025-09-25,2025-11-27,64,1,2025-10-02,7
qlona_karol g,2024-08-19,2025-10-19,427,8,2024-09-14,26
que asco de todo_quevedo,2025-11-24,2025-11-27,4,19,2025-11-24,0
que me lleve el aire_luis cortés,2025-10-10,2025-10-17,8,42,2025-10-13,3
que te vaya bien_rvfv,2024-05-18,2024-06-07,21,26,2024-05-18,0
quevedo #49 after hour the mixtape_dj saot st,2024-06-04,2024-06-04,1,48,2024-06-04,0
"quevedo: bzrp music sessions, vol. 52_bizarrap & quevedo",2024-05-18,2025-01-03,231,27,2024-05-29,11
quickie_dei v,2025-11-19,2025-11-25,7,31,2025-11-23,4
quien es dei v?_dei v,2024-09-24,2025-04-09,198,10,2024-10-04,10
quizás si quizás no_alvaro diaz & quevedo,2024-11-25,2024-12-23,29,13,2024-11-25,0
quién es dei v?_dei v,2025-06-16,2025-06-16,1,50,2025-06-16,0
qué pasaría..._rauw alejandro,2025-11-17,2025-11-27,11,1,2025-11-17,0
qué pecao_manuel turizo,2025-11-24,2025-11-27,4,34,2025-11-24,0
qué pecao_manuel turizo & kapo,2025-10-06,2025-11-23,49,13,2025-10-13,7
rang€ rov€r_cruz cafuné,2025-07-21,2025-07-21,1,47,2025-07-21,0
rapapa_jc reyes,2025-10-20,2025-11-26,38,8,2025-11-01,12
rapeadita love_rels b,2025-04-28,2025-04-28,1,44,2025-04-28,0
rapido (with cris mj)_dei v,2025-06-16,2025-11-27,165,5,2025-08-22,67
rara vez_taiu & milo j,2024-05-18,2024-12-13,210,15,2024-05-20,2
"rauw alejandro: bzrp music sessions, vol. 56_bizarrap & rauw alejandro",2024-06-24,2024-10-13,112,1,2024-06-24,0
razones_ozuna & anuel aa & mambo kingz,2025-06-30,2025-07-05,6,16,2025-06-30,0
real gangsta love_trueno,2025-06-06,2025-11-16,164,1,2025-06-12,6
reina_mora,2024-08-30,2025-04-17,231,1,2024-08-30,0
remember me_duki,2024-07-19,2024-07-22,4,43,2024-07-19,0
remix exclusivo_feid,2024-05-18,2024-06-04,18,43,2024-05-20,2
revolú_rauw alejandro,2025-11-17,2025-11-23,7,10,2025-11-17,0
"ride or die, pt. 2 (with villano antillano & tokischa)_sevdaliza & villano antillano & tokischa",2025-04-26,2025-05-12,17,26,2025-04-27,1
ritmo de medallo_feid,2024-09-30,2024-10-01,2,37,2024-09-30,0
ritual_myke towers,2024-11-25,2024-11-25,1,48,2024-11-25,0
rko_eladio carrion,2025-01-21,2025-01-24,4,20,2025-01-21,0
rockin' around the christmas tree_brenda lee,2024-12-24,2024-12-27,4,7,2024-12-25,1
rockstar 2.0_duki,2024-06-25,2024-07-02,8,16,2024-06-25,0
rockstar 2.0_duki & jhayco,2024-06-24,2024-06-24,1,14,2024-06-24,0
romero santo_dellafuente,2025-06-16,2025-06-21,6,31,2025-06-16,0
rompeolas_martin urrutia,2025-04-12,2025-04-18,7,39,2025-04-18,6
rosas_la oreja de van gogh,2025-10-17,2025-10-26,10,30,2025-10-19,2
rueda_rvfv,2025-06-02,2025-08-14,74,21,2025-06-19,17
rápido_mora,2024-05-18,2024-05-24,7,41,2024-05-18,0
s91_karol g,2024-07-16,2024-09-04,51,21,2024-08-13,28
sangre y fe_cruz cafuné,2024-05-28,2024-06-16,20,6,2024-05-28,0
santa tell me_ariana grande,2024-12-25,2024-12-27,3,17,2024-12-25,0
santa_rvssian,2025-05-22,2025-11-27,190,2,2025-05-22,0
santa_rvssian & rauw alejandro & ayra starr,2025-04-16,2025-05-21,36,1,2025-04-21,5
se fue_rauw alejandro,2025-11-17,2025-11-27,11,5,2025-11-17,0
se grita_morad,2024-07-21,2024-08-05,16,46,2024-07-25,4
se me olvida_maisak & feid,2025-08-24,2025-11-16,85,11,2025-09-01,8
se pone las nike_cano,2025-11-06,2025-11-27,22,6,2025-11-14,8
se te nota (feat. peso pluma)_myke towers,2025-08-24,2025-08-25,2,27,2025-08-24,0
seda_bad bunny,2024-10-14,2025-02-13,123,6,2024-10-14,0
sexesexy_mushkaa,2025-03-31,2025-04-13,14,40,2025-03-31,0
sexo desenfrenado_myke towers,2025-08-24,2025-08-24,1,45,2025-08-24,0
seya_gims,2024-10-21,2025-02-27,130,21,2024-12-20,60
"shakira: bzrp music sessions, vol. 53_bizarrap & shakira",2024-05-18,2024-07-18,62,30,2024-05-23,5
shars 2023_al safir,2024-11-30,2024-12-01,2,21,2024-11-30,0
shibatto_quevedo,2025-11-24,2025-11-27,4,3,2025-11-26,2
si antes te hubiera conocido_karol g,2025-06-22,2025-11-27,159,1,2025-07-02,10
si la calle llama - remix_eladio carrion,2024-05-18,2024-08-29,104,20,2024-05-19,1
si no es contigo_cris mj,2025-06-18,2025-09-20,95,31,2025-08-09,52
si no estás_iñigo quintero,2024-09-20,2025-04-03,196,1,2024-09-29,9
si sabe ferxxo_blessd,2025-01-28,2025-02-28,32,27,2025-02-01,4
"si si si si (feat. eladio carrion, bryant myers, dei v)_the academy: segunda misión",2025-03-31,2025-03-31,1,16,2025-03-31,0
"si si si si (feat. eladio carrion, bryant myers, dei v)_the academy: segunda misión & justin quiles & lenny tavárez",2025-04-01,2025-06-08,69,16,2025-04-12,11
si te pegas_rauw alejandro,2024-07-09,2024-07-12,4,30,2024-07-09,0
sigo enamorau'_eladio carrion,2025-01-21,2025-01-21,1,17,2025-01-21,0
sin gato (miau!)_rels b,2024-05-28,2024-06-03,7,45,2024-05-28,0
sleigh ride_the ronettes,2024-12-25,2024-12-27,3,28,2024-12-25,0
snowman_sia,2024-12-25,2024-12-27,3,27,2024-12-25,0
sofi - remix_samueliyo baby & kevin roldan,2024-12-12,2024-12-14,3,22,2024-12-12,0
solita y sueltaaa_rels b,2024-07-23,2024-07-25,3,49,2024-07-25,2
soltera_shakira,2025-09-28,2025-11-27,61,5,2025-10-14,16
sonrisa_eladio carrion,2025-01-21,2025-01-21,1,16,2025-01-21,0
sorry 4 that much_feid,2025-06-09,2025-07-17,39,9,2025-06-17,8
spanish teteo_rvfv & rels b & omar montes,2024-09-10,2024-09-11,2,50,2024-09-10,0
sport+ rmx_clarent & myke towers,2025-08-15,2025-08-23,9,47,2025-08-17,2
star_jc reyes,2025-10-20,2025-11-27,39,7,2025-11-15,26
suano_ntg & amenazzy,2025-05-16,2025-08-09,86,6,2025-06-02,17
supernova_saiko,2024-05-18,2025-05-03,351,1,2024-05-18,0
t'as peur_aya nakamura,2024-05-18,2024-05-21,4,45,2024-05-18,0
tacos gucci_anuel aa,2025-02-18,2025-03-05,16,19,2025-02-22,4
también_myke towers,2025-08-24,2025-11-27,96,5,2025-10-06,43
tanta droga_eladio carrion,2025-01-21,2025-01-21,1,27,2025-01-21,0
taste_sabrina carpenter,2025-08-29,2025-09-03,6,47,2025-08-31,2
tattoo_loreen,2024-05-18,2024-06-02,16,21,2024-05-18,0
te fallé_quevedo,2025-11-24,2025-11-27,4,17,2025-11-24,0
te menti_ozuna & saiko & ovy on the drums,2024-09-19,2024-09-29,11,38,2024-09-20,1
telefono nuevo_bad bunny,2024-10-14,2024-10-28,15,9,2024-10-14,0
tengo un plan_key-key,2025-04-04,2025-06-11,69,11,2025-04-14,10
thalía - remix_cyril kamer & rvfv & polimá westcoast,2025-07-18,2025-08-23,37,25,2025-08-04,17
thalía_cyril kamer,2025-03-15,2025-06-04,82,9,2025-04-09,25
the code_nemo,2025-05-14,2025-05-18,5,24,2025-05-14,0
the emptiness machine_linkin park,2025-09-11,2025-10-02,22,30,2025-09-13,2
thunder y lightning_bad bunny,2024-10-14,2024-11-17,35,14,2024-10-14,0
timeless (with playboi carti)_the weeknd & playboi carti,2025-09-29,2025-09-29,1,50,2025-09-29,0
todo contigo_álvaro de luna,2024-05-18,2024-09-23,129,12,2024-05-18,0
todo lit_eladio carrion,2025-01-21,2025-01-21,1,23,2025-01-21,0
toy en el mic_bizarrap & milo j,2024-10-07,2024-10-13,7,24,2024-10-10,3
tqg_karol g,2024-05-18,2025-08-08,448,9,2024-05-18,0
tqmqa_eladio carrion,2024-12-17,2025-01-26,41,15,2025-01-21,35
tranquila baby_eladio carrion,2025-01-21,2025-01-21,1,32,2025-01-21,0
trato de estar bien_duki,2025-11-03,2025-11-09,7,37,2025-11-03,0
trending remix (with myke towers)_dei v,2025-03-03,2025-07-20,140,10,2025-03-10,7
tu ritmo_eladio carrion,2025-01-21,2025-01-21,1,21,2025-01-21,0
tu silueta_diegote,2025-07-14,2025-10-28,107,5,2025-07-31,17
tu$$i (with dei v)_yovngchimi,2025-03-01,2025-08-16,169,11,2025-03-19,18
tuya_rosalía,2024-06-11,2024-07-18,38,6,2024-06-11,0
tú con él_rauw alejandro,2025-11-17,2025-11-23,7,12,2025-11-17,0
un deseo_mora,2024-08-30,2024-08-31,2,20,2024-08-30,0
un desperdicio_rels b,2025-04-28,2025-05-15,18,29,2025-05-08,10
un preview_bad bunny,2024-09-27,2024-11-02,37,1,2024-09-27,0
un rodeoooo_rels b,2024-07-23,2024-09-23,63,36,2024-08-10,18
un x100to_grupo frontera & bad bunny,2024-05-18,2024-06-14,28,31,2024-05-21,3
una bachata_lola indigo,2025-02-04,2025-04-27,83,8,2025-02-04,0
una foto remix (feat. emilia)_mesita & nicki nicole & tiago pzk,2025-01-11,2025-06-15,156,6,2025-02-01,21
una velita_bad bunny,2025-09-22,2025-09-27,6,7,2025-09-22,0
underneath the tree_kelly clarkson,2024-12-25,2024-12-27,3,22,2024-12-25,0
uwaie_kapo,2025-08-20,2025-11-27,100,2,2025-08-29,9
vacile_yan block,2025-08-15,2025-11-27,105,16,2025-10-17,63
vagabundo_sebastian yatra,2024-09-24,2024-09-26,3,14,2024-09-24,0
vagabundo_sebastian yatra & manuel turizo & beéle,2024-05-18,2025-10-16,517,3,2024-06-04,17
vampire_olivia rodrigo,2024-07-02,2024-07-02,1,48,2024-07-02,0
vente conmigo_feid,2024-08-06,2024-08-12,7,22,2024-08-06,0
vida de rock_duki,2025-11-03,2025-11-10,8,34,2025-11-07,4
vista al mar_quevedo,2024-05-21,2024-07-29,70,43,2024-05-30,9
volver_tainy,2024-07-02,2024-07-02,1,49,2024-07-02,0
vou 787_bad bunny,2024-10-14,2024-10-18,5,13,2024-10-14,0
vuelve candy b_bad bunny,2024-10-14,2024-10-18,5,19,2024-10-14,0
"vvs switch (feat. hades66, luar la l & cdobleta) - remix_pressure 9x19 & anuel aa & yovngchimi",2025-03-17,2025-03-30,14,13,2025-03-17,0
wanda_quevedo,2024-05-18,2024-12-07,204,18,2024-05-18,0
we can't be friends (wait for your love)_ariana grande,2025-03-11,2025-03-20,10,31,2025-03-13,2
where she goes_bad bunny,2024-05-21,2024-10-28,161,1,2024-05-21,0
whisky_samuel g & oscar el ruso & aissa,2025-07-17,2025-07-31,15,30,2025-07-21,4
wya remix red_j abdiel & de la rose & yan block,2025-06-19,2025-11-16,151,22,2025-07-12,23
x'clusivo - remix_gonzy,2025-10-13,2025-11-23,42,21,2025-10-13,0
x'clusivo - remix_gonzy & saiko & arcángel,2025-03-03,2025-10-12,224,1,2025-03-03,0
x'clusivo_gonzy,2025-01-31,2025-03-09,38,3,2025-03-02,30
xxx_rosario_xxx_saiko,2024-12-24,2025-01-05,13,23,2024-12-24,0
ya es navidad popurrí: ya es navidad- zúmbale a la pandereta - ya vienen los reyes magos - arre borriquito - ya es navidad_raya real,2024-12-25,2024-12-25,1,34,2024-12-25,0
yandel 150_yandel,2024-05-18,2024-09-23,129,10,2024-05-18,0
yankee 150_yandel & feid & daddy yankee,2024-06-18,2024-06-18,1,46,2024-06-18,0
"yes, and?_ariana grande",2025-01-14,2025-01-20,7,30,2025-01-18,4
yo lo soñé_saiko,2025-04-28,2025-08-16,111,1,2025-04-30,2
yo lo soñé_saiko & omar montes,2025-04-19,2025-04-27,9,2,2025-04-25,6
yo sé_yan block & torrres,2025-11-01,2025-11-27,27,8,2025-11-22,21
yo tengo un novio_lola indigo,2024-12-17,2024-12-24,8,18,2024-12-21,4
yotuloko_omar montes & rels b,2025-07-14,2025-11-05,115,22,2025-07-27,13
"young miko: bzrp music sessions, vol. 58_bizarrap & young miko",2025-01-13,2025-04-26,104,1,2025-01-13,0
zorra_nebulossa,2025-02-05,2025-05-18,103,8,2025-02-05,0
